{"ratio": [["RECOMMEND,MEMBER,1.0", 1.0]], "shift": [["RECOMMEND,MEMBER,-1.0", 0], ["RECOMMEND,MEMBER,1.0", 0], ["BOOK,MEMBER", 0], ["BOOK,FACILITIE", 0]], "colors": [["annotation_color", "#4d9221"], ["annotation_text_color", "#f7f7f7"], ["association_attribute_text_color", "#000000"], ["association_cartouche_color", "#b8e186"], ["association_cartouche_text_color", "#000000"], ["association_color", "#e6f5d0"], ["association_stroke_color", "#7fbc41"], ["background_color", "#f7f7f7"], ["card_text_color", "#c51b7d"], ["entity_attribute_text_color", "#000000"], ["entity_cartouche_color", "#f1b6da"], ["entity_cartouche_text_color", "#000000"], ["entity_color", "#fde0ef"], ["entity_stroke_color", "#de77ae"], ["leg_stroke_color", "#7fbc41"], ["transparent_color", "none"]], "cy": [["RECOMMEND", 77], ["MEMBER", 77], ["BOOK", 77], ["FACILITIE", 77]], "cx": [["RECOMMEND", 57], ["MEMBER", 172], ["BOOK", 274], ["FACILITIE", 410]], "size": [488, 154]}